Key,Description
SJC-001,"Pellet consumption scores points. When the player moves onto a square containing a pellet, the system shall add the pellet value to the score and remove the pellet. (Source: PlayerCollisions.playerVersusPellet, PointCalculator.consumedAPellet.)"
SJC-002,"Ghosts do not consume pellets. When a ghost moves onto a square containing a pellet, the system shall keep the pellet on the square and move the ghost to that square without changing the score. (Source: Level.move, Unit.occupy.)"
SJC-003,"Moving onto an empty square does not change the score. When the player moves onto an accessible empty square, the system shall move the player to that square without changing the score. (Source: Level.move, DefaultPointCalculator.pacmanMoved.)"
SJC-004,"Walls block movement. When a player attempts to move into a wall, the system shall leave the player in the current square. (Source: Level.move, BoardFactory.Wall.isAccessibleTo.)"
SJC-005,"Ghost collisions end the game. When a player collides with a ghost, the system shall mark the player as dead and stop the game. (Source: PlayerCollisions.playerVersusGhost, Level.updateObservers, Game.levelLost.)"
SJC-006,"Eating the last pellet wins the game. When no pellets remain on the board, the system shall declare the level won and stop the game. (Source: Level.remainingPellets, Level.updateObservers, Game.levelWon.)"
SJC-007,"The level is lost when the player dies. When no players remain alive, the system shall declare the level lost and stop the game. (Source: Level.updateObservers, Level.isAnyPlayerAlive(), Game.levelLost.)"
SJC-008,"Ghosts move on scheduled turns. While the level is running, the system shall periodically request a move from each ghost and move it when a direction is returned. (Source: Level.startNPCs, Level.NpcMoveTask.run, Ghost.nextMove.)"
SJC-009,"Player movement requires an active game. When the game is not in progress, the system shall ignore requests to move a player. (Source: Game.move.)"
SJC-010,"Starting requires a playable level. When a game is started, the system shall start it only if at least one player is alive and at least one pellet remains. (Source: Game.start, Level.isAnyPlayerAlive, Level.remainingPellets.)"
SJC-011,"Map input is validated. When loading a text map, the system shall reject rows of unequal width and characters that do not represent an empty square, wall, pellet, ghost, or player start. (Source: MapParser.checkMapFormat, MapParser.addSquare.)"
SJC-012,"Players receive starting positions. When a player is registered for a level for the first time, the system shall place that player on the next starting square, cycling through the available starting squares; repeated registration shall have no effect. (Source: Level.registerPlayer.)"
SJC-013,"Attempted direction is recorded. When a unit attempts to move, the system shall update its facing direction even if the destination is inaccessible. (Source: Level.move, Unit.setDirection.)"
SJC-014,"Pausing suspends movement. When the game is stopped, the system shall stop ghost scheduling and reject subsequent player and ghost movement until the game resumes. (Source: Game.stop, Level.stop, Level.move.)"
SJC-015,"Board edges connect as tunnels. When a player or ghost moves beyond a board edge, the system shall move that unit to the corresponding square on the opposite edge. (Source: BoardFactory.createBoard, Square.getSquareAt, Level.move.)"
SJC-016,"Maintainability: Static analysis compliance. The system shall complete the configured Checkstyle, PMD, and SpotBugs static-analysis tasks without reported build failures. (Source: build.gradle — checkstyle, pmd, SpotBugsTask, staticAnalysis.)"
SJC-017,"Maintainability: Build reproducibility. The system shall successfully compile using the project-provided Gradle wrapper without requiring modifications to the provided build configuration. (Source: build.gradle, gradlew, gradlew.bat.)"
SJC-018,"Maintainability: Source-code quality checks. The system shall pass the configured static-analysis rules for the in-scope source code when the project's static-analysis tasks are executed. (Source: build.gradle — checkstyle, pmd, SpotBugsTask, staticAnalysis; checkstyle.xml; pmd-rules.xml.)"
SJC-019,"Testability: Automated test execution. The system shall execute all configured automated tests through the Gradle test task without requiring manual interaction. (Source: build.gradle — test, defaultTest, useJUnitPlatform.)"
SJC-020,"Testability: Test coverage reporting. The system shall generate a JaCoCo test coverage report after the automated test suite is executed. (Source: build.gradle — jacoco, jacocoTestReport, test.finalizedBy(jacocoTestReport).)"
SJC-021,"Testability: Separate default test suite. The system shall support execution of the configured default test suite independently through the Gradle defaultTest task. (Source: build.gradle — sourceSets.defaultTest, task defaultTest.)"
SJC-022,"Portability: Java 11 compatibility. The system shall compile and execute using JDK 11. (Source: Assignment 1 setup requirements — JDK 11 required; build.gradle.)"
SJC-023,"Portability: Cross-platform build support. The system shall support project builds on Windows and Unix-like operating systems using the provided Gradle wrapper scripts. (Source: gradlew, gradlew.bat; Assignment 1/Lab setup instructions.)"
SJC-024,"Usability: Consistent movement directions. The system shall represent movement using exactly four cardinal directions: NORTH, SOUTH, EAST, and WEST, with each direction corresponding to a single grid step. (Source: Direction.NORTH, Direction.SOUTH, Direction.WEST, Direction.EAST, Direction.getDeltaX, Direction.getDeltaY.)"
